{
  "Description": "Play GIF animations from numbered folders",
  "Name": "GIF Player",
  "Category": "Animation",
  "com.mef.gifplayer.action": {
    "Name": "GIF Player",
    "Tooltip": "Play GIF animations on StreamDock"
  },
  "Localization": {
    "FPS": "FPS",
    "Start Animation": "Start Animation",
    "Animations Folder": "Animations Folder",
    "Max Frames": "Max Frames",
    "How to use": "How to use",
    "Folders: 001/, 002/, etc.": "Folders: 001/, 002/, etc.",
    "Frames: 0.gif, 1.gif, 2.gif...": "Frames: 0.gif, 1.gif, 2.gif...",
    "Create folders: gif/001/, gif/002/, etc.": "Create folders: gif/001/, gif/002/, etc.",
    "Put GIF frames: 0.gif, 1.gif, 2.gif...": "Put GIF frames: 0.gif, 1.gif, 2.gif...",
    "Click button to switch animations": "Click button to switch animations"
  }
}